ep,delta_required,success,status,message
2,0.16214151808298502,True,0,Optimization terminated successfully
2,0.41444755461722244,True,0,Optimization terminated successfully
2,0.6407904244707658,True,0,Optimization terminated successfully
2,0.8413040692381438,True,0,Optimization terminated successfully
2,1.0151799239955523,True,0,Optimization terminated successfully
2,1.1636168312666664,True,0,Optimization terminated successfully
2,1.2854902628440317,True,0,Optimization terminated successfully
2,1.381187245217182,True,0,Optimization terminated successfully
2,1.4509355363364225,True,0,Optimization terminated successfully
2,1.4949667988429847,True,0,Optimization terminated successfully
2,0.4847956313583078,True,0,Optimization terminated successfully
2,0.8629126819555326,True,0,Optimization terminated successfully
2,1.1387604051572435,True,0,Optimization terminated successfully
2,1.3325614088669944,True,0,Optimization terminated successfully
2,1.4596376756261134,True,0,Optimization terminated successfully
2,1.5312313637135173,True,0,Optimization terminated successfully
2,1.5552933945028995,True,0,Optimization terminated successfully
2,1.5377657033242007,True,0,Optimization terminated successfully
2,0.8841081593813455,True,0,Optimization terminated successfully
2,1.1920734085900455,True,0,Optimization terminated successfully
2,1.3874673969612457,True,0,Optimization terminated successfully
5,0.19439633075392365,True,0,Optimization terminated successfully
5,0.1948523684446729,True,0,Optimization terminated successfully
5,0.19511000116263577,True,0,Optimization terminated successfully
5,0.1944484071264096,True,0,Optimization terminated successfully
5,0.19378059119181854,True,0,Optimization terminated successfully
5,0.19372988970103197,True,0,Optimization terminated successfully
5,0.19366550639880742,True,0,Optimization terminated successfully
5,0.19413380213923456,True,0,Optimization terminated successfully
5,0.19402799219309366,True,0,Optimization terminated successfully
5,0.19393100262485632,True,0,Optimization terminated successfully
5,0.19366909108335875,True,0,Optimization terminated successfully
5,0.19440834355142195,True,0,Optimization terminated successfully
5,0.19478068053739164,True,0,Optimization terminated successfully
5,0.19515776934812368,True,0,Optimization terminated successfully
5,0.1948972912031089,True,0,Optimization terminated successfully
5,0.19426929090988976,True,0,Optimization terminated successfully
5,0.19343985325209598,True,0,Optimization terminated successfully
5,0.19309379399877177,True,0,Optimization terminated successfully
5,0.19288232900942506,True,0,Optimization terminated successfully
5,0.19308006342735776,True,0,Optimization terminated successfully
5,0.19345563279780512,True,0,Optimization terminated successfully
5,0.19299187030191625,True,0,Optimization terminated successfully
5,0.1927515816079203,True,0,Optimization terminated successfully
5,0.19290048137787766,True,0,Optimization terminated successfully
5,0.19337080585586816,True,0,Optimization terminated successfully
5,0.19289834439599504,True,0,Optimization terminated successfully
5,0.19256307955087765,True,0,Optimization terminated successfully
5,0.19325110278283628,True,0,Optimization terminated successfully
5,0.19398187000032344,True,0,Optimization terminated successfully
5,0.19528331950138558,True,0,Optimization terminated successfully
5,0.196233219851327,True,0,Optimization terminated successfully
5,0.19704017772168964,True,0,Optimization terminated successfully
5,0.19716757672931154,True,0,Optimization terminated successfully
5,0.19848539552237504,True,0,Optimization terminated successfully
5,0.19979421415284906,True,0,Optimization terminated successfully
5,0.20100349465348985,True,0,Optimization terminated successfully
5,0.20196819260524979,True,0,Optimization terminated successfully
5,0.20203521358907403,True,0,Optimization terminated successfully
5,0.2019550771830716,True,0,Optimization terminated successfully
5,0.20174321107952425,True,0,Optimization terminated successfully
5,0.20155088262048457,True,0,Optimization terminated successfully
5,0.20106217977897706,True,0,Optimization terminated successfully
5,0.2008545220186986,True,0,Optimization terminated successfully
5,0.2007802899323583,True,0,Optimization terminated successfully
5,0.2008743004888711,True,0,Optimization terminated successfully
5,0.20114550069973994,True,0,Optimization terminated successfully
5,0.2007979386332322,True,0,Optimization terminated successfully
5,0.20036256285929702,True,0,Optimization terminated successfully
5,0.19924200666051378,True,0,Optimization terminated successfully
5,0.19910645575837524,True,0,Optimization terminated successfully
5,0.1989830448084132,True,0,Optimization terminated successfully
5,0.19888523130958197,True,0,Optimization terminated successfully
5,0.198153239641455,True,0,Optimization terminated successfully
5,0.19811000022425193,True,0,Optimization terminated successfully
5,0.19851513586055344,True,0,Optimization terminated successfully
5,0.19895893323558034,True,0,Optimization terminated successfully
5,0.199187295157472,True,0,Optimization terminated successfully
5,0.1991779203787772,True,0,Optimization terminated successfully
5,0.19952236067146048,True,0,Optimization terminated successfully
5,0.19989597634780212,True,0,Optimization terminated successfully
5,0.2006913384144084,True,0,Optimization terminated successfully
5,0.2009464683403876,True,0,Optimization terminated successfully
5,0.2005284724990985,True,0,Optimization terminated successfully
5,0.20000383170377403,True,0,Optimization terminated successfully
5,0.2005565813362225,True,0,Optimization terminated successfully
5,0.20175792381991248,True,0,Optimization terminated successfully
5,0.20259620652973745,True,0,Optimization terminated successfully
5,0.20268758044755691,True,0,Optimization terminated successfully
5,0.20226618786836897,True,0,Optimization terminated successfully
5,0.20251023705056545,True,0,Optimization terminated successfully
5,0.20260074329883582,True,0,Optimization terminated successfully
5,0.2028789781057476,True,0,Optimization terminated successfully
5,0.20294137064192652,True,0,Optimization terminated successfully
5,0.20250312561578745,True,0,Optimization terminated successfully
5,0.20220894647543847,True,0,Optimization terminated successfully
5,0.20157130553395108,True,0,Optimization terminated successfully
5,0.2008547253455109,True,0,Optimization terminated successfully
5,0.2009474571913475,True,0,Optimization terminated successfully
5,0.20055826431622234,True,0,Optimization terminated successfully
5,0.19927858978200336,True,0,Optimization terminated successfully
5,0.19815370656445888,True,0,Optimization terminated successfully
5,0.197351389876549,True,0,Optimization terminated successfully
5,0.19760491294966406,True,0,Optimization terminated successfully
5,0.19706604243737633,True,0,Optimization terminated successfully
5,0.19680257353786723,True,0,Optimization terminated successfully
5,0.1963526648986425,True,0,Optimization terminated successfully
5,0.19638160164831178,True,0,Optimization terminated successfully
5,0.19660253309912096,True,0,Optimization terminated successfully
5,0.19689052400793972,True,0,Optimization terminated successfully
5,0.19696329433111986,True,0,Optimization terminated successfully
5,0.19696301933678312,True,0,Optimization terminated successfully
5,0.19649107281818928,True,0,Optimization terminated successfully
5,0.19640446333615913,True,0,Optimization terminated successfully
5,0.19616565781276044,True,0,Optimization terminated successfully
5,0.19639451451240003,True,0,Optimization terminated successfully
5,0.19634582388072724,True,0,Optimization terminated successfully
5,0.19586279011430718,True,0,Optimization terminated successfully
5,0.19484026518269598,True,0,Optimization terminated successfully
5,0.19398907711363247,True,0,Optimization terminated successfully
5,0.1934659111498295,True,0,Optimization terminated successfully
5,0.19311525809677035,True,0,Optimization terminated successfully
5,0.19354017139708712,True,0,Optimization terminated successfully
5,0.19363337006220016,True,0,Optimization terminated successfully
5,0.1940302311015284,True,0,Optimization terminated successfully
5,0.19483773816122643,True,0,Optimization terminated successfully
5,0.19572133174415707,True,0,Optimization terminated successfully
5,0.19538420675125118,True,0,Optimization terminated successfully
5,0.19605085602606367,True,0,Optimization terminated successfully
5,0.1972656841764332,True,0,Optimization terminated successfully
5,0.1980511767812688,True,0,Optimization terminated successfully
5,0.19871702794379448,True,0,Optimization terminated successfully
5,0.2004018580904357,True,0,Optimization terminated successfully
5,0.2015164043628932,True,0,Optimization terminated successfully
5,0.20187168662762206,True,0,Optimization terminated successfully
5,0.20119709903854052,True,0,Optimization terminated successfully
5,0.20014891933227594,True,0,Optimization terminated successfully
5,0.19960007837684873,True,0,Optimization terminated successfully
5,0.19936504275270542,True,0,Optimization terminated successfully
5,0.19901164316348077,True,0,Optimization terminated successfully
5,0.19955744346096915,True,0,Optimization terminated successfully
5,0.19943813829072268,True,0,Optimization terminated successfully
5,0.19946278279555965,True,0,Optimization terminated successfully
5,0.19938078300457093,True,0,Optimization terminated successfully
5,0.19880943867015874,True,0,Optimization terminated successfully
5,0.19807983947076457,True,0,Optimization terminated successfully
5,0.19763347867150277,True,0,Optimization terminated successfully
5,0.19753919185475047,True,0,Optimization terminated successfully
5,0.19804339367768928,True,0,Optimization terminated successfully
5,0.19810459148575818,True,0,Optimization terminated successfully
5,0.19757108504266285,True,0,Optimization terminated successfully
5,0.19819558172223548,True,0,Optimization terminated successfully
5,0.1986543257875408,True,0,Optimization terminated successfully
5,0.19916390602146222,True,0,Optimization terminated successfully
5,0.199655779809675,True,0,Optimization terminated successfully
5,0.19952581811990017,True,0,Optimization terminated successfully
5,0.1994689637240964,True,0,Optimization terminated successfully
5,0.19946001050702383,True,0,Optimization terminated successfully
5,0.19923869935442157,True,0,Optimization terminated successfully
5,0.19917527269546492,True,0,Optimization terminated successfully
5,0.19946353366863787,True,0,Optimization terminated successfully
5,0.1994404937576685,True,0,Optimization terminated successfully
5,0.1997706777284552,True,0,Optimization terminated successfully
5,0.19988026846610907,True,0,Optimization terminated successfully
5,0.19980773748509,True,0,Optimization terminated successfully
5,0.19961794009597694,True,0,Optimization terminated successfully
5,0.19927869885379942,True,0,Optimization terminated successfully
5,0.19899364508054573,True,0,Optimization terminated successfully
5,0.1982732825493036,True,0,Optimization terminated successfully
5,0.19802910418121486,True,0,Optimization terminated successfully
5,0.19742621042982111,True,0,Optimization terminated successfully
5,0.19723120027382451,True,0,Optimization terminated successfully
5,0.1975791857677371,True,0,Optimization terminated successfully
5,0.19731532043974576,True,0,Optimization terminated successfully
5,0.19788217851237377,True,0,Optimization terminated successfully
5,0.197844784437308,True,0,Optimization terminated successfully
5,0.1974090404432199,True,0,Optimization terminated successfully
5,0.19657759796057095,True,0,Optimization terminated successfully
5,0.19604535952382363,True,0,Optimization terminated successfully
5,0.19587463843373892,True,0,Optimization terminated successfully
5,0.19573994979927023,True,0,Optimization terminated successfully
5,0.1953129246194012,True,0,Optimization terminated successfully
5,0.19559996132346325,True,0,Optimization terminated successfully
5,0.19586511546352864,True,0,Optimization terminated successfully
5,0.1962954650483264,True,0,Optimization terminated successfully
5,0.19580895634362583,True,0,Optimization terminated successfully
5,0.19500072213721786,True,0,Optimization terminated successfully
5,0.1948555548456879,True,0,Optimization terminated successfully
5,0.19496500522893007,True,0,Optimization terminated successfully
5,0.1944888879586314,True,0,Optimization terminated successfully
5,0.19418986734414898,True,0,Optimization terminated successfully
5,0.19482847184616328,True,0,Optimization terminated successfully
5,0.194826207505092,True,0,Optimization terminated successfully
5,0.19475379689382114,True,0,Optimization terminated successfully
5,0.19502162363041697,True,0,Optimization terminated successfully
5,0.19579969278686776,True,0,Optimization terminated successfully
5,0.19651367345836643,True,0,Optimization terminated successfully
5,0.19719423604403835,True,0,Optimization terminated successfully
5,0.19769076719365689,True,0,Optimization terminated successfully
5,0.19830706826338712,True,0,Optimization terminated successfully
5,0.19846127774825847,True,0,Optimization terminated successfully
5,0.1980583926763822,True,0,Optimization terminated successfully
5,0.19754973812317994,True,0,Optimization terminated successfully
5,0.19677995084833105,True,0,Optimization terminated successfully
5,0.19670705414774242,True,0,Optimization terminated successfully
5,0.19719175221375088,True,0,Optimization terminated successfully
5,0.19758817652494054,True,0,Optimization terminated successfully
5,0.19816844104924597,True,0,Optimization terminated successfully
5,0.19820281143805404,True,0,Optimization terminated successfully
5,0.19892669881072414,True,0,Optimization terminated successfully
5,0.19831503670658585,True,0,Optimization terminated successfully
5,0.19797202027462169,True,0,Optimization terminated successfully
5,0.1980348448549485,True,0,Optimization terminated successfully
5,0.19760957249295674,True,0,Optimization terminated successfully
5,0.19799918021256233,True,0,Optimization terminated successfully
5,0.19858512852733107,True,0,Optimization terminated successfully
5,0.19914864604215268,True,0,Optimization terminated successfully
5,0.19895128194852926,True,0,Optimization terminated successfully
5,0.19885314903573068,True,0,Optimization terminated successfully
5,0.19983039328132024,True,0,Optimization terminated successfully
5,0.2002074384564934,True,0,Optimization terminated successfully
5,0.20082369077614176,True,0,Optimization terminated successfully
5,0.20122612076568633,True,0,Optimization terminated successfully
5,0.20099030498625717,True,0,Optimization terminated successfully
5,0.20081261867589412,True,0,Optimization terminated successfully
5,0.20100283375724667,True,0,Optimization terminated successfully
5,0.20153115052937745,True,0,Optimization terminated successfully
5,0.2013560034489416,True,0,Optimization terminated successfully
5,0.20085482930394719,True,0,Optimization terminated successfully
5,0.2012465032988254,True,0,Optimization terminated successfully
5,0.20078333157600953,True,0,Optimization terminated successfully
5,0.2000708538375374,True,0,Optimization terminated successfully
5,0.19959980336372926,True,0,Optimization terminated successfully
5,0.19927379262583786,True,0,Optimization terminated successfully
5,0.1990399850277129,True,0,Optimization terminated successfully
5,0.19934080571949414,True,0,Optimization terminated successfully
5,0.19980272044284714,True,0,Optimization terminated successfully
5,0.19971723714135697,True,0,Optimization terminated successfully
5,0.20024641175130498,True,0,Optimization terminated successfully
5,0.20089194373690347,True,0,Optimization terminated successfully
5,0.20099227015537913,True,0,Optimization terminated successfully
5,0.20178877959583696,True,0,Optimization terminated successfully
5,0.20151442919901247,True,0,Optimization terminated successfully
5,0.20095930279197188,True,0,Optimization terminated successfully
5,0.20004312415731004,True,0,Optimization terminated successfully
5,0.19982060781808003,True,0,Optimization terminated successfully
5,0.2005029577048331,True,0,Optimization terminated successfully
5,0.20162964539155928,True,0,Optimization terminated successfully
5,0.20263688244111752,True,0,Optimization terminated successfully
5,0.20295990120869975,True,0,Optimization terminated successfully
5,0.20327228752651727,True,0,Optimization terminated successfully
5,0.20281534671495377,True,0,Optimization terminated successfully
5,0.20288089199825876,True,0,Optimization terminated successfully
5,0.2032995509773745,True,0,Optimization terminated successfully
5,0.20377466612546302,True,0,Optimization terminated successfully
5,0.20400008689012628,True,0,Optimization terminated successfully
5,0.20367659691498574,True,0,Optimization terminated successfully
5,0.20408632841327343,True,0,Optimization terminated successfully
5,0.20463477815894401,True,0,Optimization terminated successfully
5,0.20433318031875383,True,0,Optimization terminated successfully
5,0.20467324705954087,True,0,Optimization terminated successfully
5,0.20508386633829478,True,0,Optimization terminated successfully
5,0.20529530816046426,True,0,Optimization terminated successfully
5,0.2052394240650388,True,0,Optimization terminated successfully
5,0.20562366015247724,True,0,Optimization terminated successfully
5,0.20534369814855183,True,0,Optimization terminated successfully
5,0.20481982636959398,True,0,Optimization terminated successfully
5,0.20390476543532943,True,0,Optimization terminated successfully
5,0.203150213476276,True,0,Optimization terminated successfully
5,0.20230398163401206,True,0,Optimization terminated successfully
5,0.20204562745550617,True,0,Optimization terminated successfully
5,0.20075296284846325,True,0,Optimization terminated successfully
5,0.2001122849354313,True,0,Optimization terminated successfully
5,0.19953954181882078,True,0,Optimization terminated successfully
5,0.19883733852778268,True,0,Optimization terminated successfully
5,0.1972090620988274,True,0,Optimization terminated successfully
5,0.1960163424064151,True,0,Optimization terminated successfully
5,0.19462586019807798,True,0,Optimization terminated successfully
5,0.19401173653310788,True,0,Optimization terminated successfully
5,0.19373742493770776,True,0,Optimization terminated successfully
5,0.19408896333677986,True,0,Optimization terminated successfully
5,0.19465675280056013,True,0,Optimization terminated successfully
5,0.1950526543127467,True,0,Optimization terminated successfully
5,0.19467944151790958,True,0,Optimization terminated successfully
5,0.19380005473931042,True,0,Optimization terminated successfully
5,0.19327850558929952,True,0,Optimization terminated successfully
5,0.19326015457746729,True,0,Optimization terminated successfully
5,0.19340057030010852,True,0,Optimization terminated successfully
5,0.1939529650108339,True,0,Optimization terminated successfully
5,0.19407055699955153,True,0,Optimization terminated successfully
5,0.19284164995637307,True,0,Optimization terminated successfully
5,0.1917756209874017,True,0,Optimization terminated successfully
5,0.19150917632133485,True,0,Optimization terminated successfully
5,0.19160885640374578,True,0,Optimization terminated successfully
5,0.1915039107185976,True,0,Optimization terminated successfully
5,0.1915156742702966,True,0,Optimization terminated successfully
5,0.19155659630053154,True,0,Optimization terminated successfully
5,0.19174862404689136,True,0,Optimization terminated successfully
5,0.1919713864386264,True,0,Optimization terminated successfully
5,0.19244882930836282,True,0,Optimization terminated successfully
5,0.19201636178815032,True,0,Optimization terminated successfully
5,0.19086440513440994,True,0,Optimization terminated successfully
5,0.18955044268939775,True,0,Optimization terminated successfully
5,0.18944890277411358,True,0,Optimization terminated successfully
5,0.18843191024507427,True,0,Optimization terminated successfully
5,0.18730739192876752,True,0,Optimization terminated successfully
5,0.18699610101879352,True,0,Optimization terminated successfully
5,0.18774962383754246,True,0,Optimization terminated successfully
5,0.18846480778218863,True,0,Optimization terminated successfully
5,0.1892013152952642,True,0,Optimization terminated successfully
5,0.18935995472295095,True,0,Optimization terminated successfully
5,0.18987892281793803,True,0,Optimization terminated successfully
5,0.1902201734860638,True,0,Optimization terminated successfully
5,0.1900835194686652,True,0,Optimization terminated successfully
5,0.1907295510074986,True,0,Optimization terminated successfully
5,0.1907582129183258,True,0,Optimization terminated successfully
5,0.19117009996369191,True,0,Optimization terminated successfully
5,0.19147051658316408,True,0,Optimization terminated successfully
5,0.19125233498458036,True,0,Optimization terminated successfully
5,0.1912771678833044,True,0,Optimization terminated successfully
5,0.19097414929870438,True,0,Optimization terminated successfully
8,0.2589625525464663,True,0,Optimization terminated successfully
13,0.16490775784230358,True,0,Optimization terminated successfully
13,0.20983959034002844,True,0,Optimization terminated successfully
13,0.2549465228825914,True,0,Optimization terminated successfully
13,0.3000237399157969,True,0,Optimization terminated successfully
13,0.34580610705320436,True,0,Optimization terminated successfully
13,0.39218588635117,True,0,Optimization terminated successfully
13,0.4404640009873378,True,0,Optimization terminated successfully
13,0.49038204770538335,True,0,Optimization terminated successfully
13,0.576443922207188,True,0,Optimization terminated successfully
23,0.31904296090101464,True,0,Optimization terminated successfully
23,0.4587087554040583,True,0,Optimization terminated successfully
23,0.19973353892809018,True,0,Optimization terminated successfully
23,0.5389014786139928,True,0,Optimization terminated successfully
23,0.2168151034433247,True,0,Optimization terminated successfully
23,0.639564373510191,True,0,Optimization terminated successfully
23,0.31977573119062735,True,0,Optimization terminated successfully
23,0.3039896974938256,True,0,Optimization terminated successfully
23,0.2777019560601809,True,0,Optimization terminated successfully
23,0.46643966532827413,True,0,Optimization terminated successfully
23,0.4305247389323567,True,0,Optimization terminated successfully
23,0.7021704252644707,True,0,Optimization terminated successfully
23,0.33655615723233856,True,0,Optimization terminated successfully
23,0.7944003435115007,True,0,Optimization terminated successfully
23,0.5040755633090482,True,0,Optimization terminated successfully
23,0.8214004008134831,True,0,Optimization terminated successfully
23,0.4526307822734452,True,0,Optimization terminated successfully
23,0.8461723488277803,True,0,Optimization terminated successfully
23,0.47582689322501126,True,0,Optimization terminated successfully
23,0.27234044514396155,True,0,Optimization terminated successfully
23,0.5699672906116059,True,0,Optimization terminated successfully
23,0.6062311147197113,True,0,Optimization terminated successfully
23,0.25577911931794073,True,0,Optimization terminated successfully
23,0.7928769119364436,True,0,Optimization terminated successfully
23,0.3878832368030705,True,0,Optimization terminated successfully
23,0.5991419622099068,True,0,Optimization terminated successfully
23,0.2946857009415668,True,0,Optimization terminated successfully
23,0.8777365650210149,True,0,Optimization terminated successfully
23,0.6091068541372248,True,0,Optimization terminated successfully
23,0.1784831538106895,True,0,Optimization terminated successfully
23,0.9467807705662882,True,0,Optimization terminated successfully
23,0.8240980963203289,True,0,Optimization terminated successfully
23,0.7744968151901487,True,0,Optimization terminated successfully
23,0.35398635933331624,True,0,Optimization terminated successfully
23,0.5491387817922061,True,0,Optimization terminated successfully
23,0.333957153599462,True,0,Optimization terminated successfully
23,0.8488033540741613,True,0,Optimization terminated successfully
23,0.4119195773965752,True,0,Optimization terminated successfully
23,0.34631630401118835,True,0,Optimization terminated successfully
23,0.9913602012639365,True,0,Optimization terminated successfully
23,0.7196478837301078,True,0,Optimization terminated successfully
23,0.2561144596164272,True,0,Optimization terminated successfully
23,0.9419918444451706,True,0,Optimization terminated successfully
23,0.7311043634930129,True,0,Optimization terminated successfully
23,1.0022888301807125,True,0,Optimization terminated successfully
23,0.5820492997495695,True,0,Optimization terminated successfully
23,0.3799659990066207,True,0,Optimization terminated successfully
23,0.8185296874213537,True,0,Optimization terminated successfully
23,0.3607935225532805,True,0,Optimization terminated successfully
23,0.5995534391867252,True,0,Optimization terminated successfully
23,0.7418975943116071,True,0,Optimization terminated successfully
23,0.26831317965018886,True,0,Optimization terminated successfully
23,0.4543303414420052,True,0,Optimization terminated successfully
23,0.4726516896928506,True,0,Optimization terminated successfully
23,0.3874610713061441,True,0,Optimization terminated successfully
23,0.5820746968239612,True,0,Optimization terminated successfully
23,0.3864001088133691,True,0,Optimization terminated successfully
23,0.7549497807070217,True,0,Optimization terminated successfully
23,0.31125391810067926,True,0,Optimization terminated successfully
23,0.8540503528537368,True,0,Optimization terminated successfully
23,0.37499470987548844,True,0,Optimization terminated successfully
23,0.8315061590105554,True,0,Optimization terminated successfully
23,0.4347933996212043,True,0,Optimization terminated successfully
23,0.7902304359452719,True,0,Optimization terminated successfully
23,0.3048005746827842,True,0,Optimization terminated successfully
23,0.5390821661893604,True,0,Optimization terminated successfully
23,0.707832012437714,True,0,Optimization terminated successfully
23,0.5150014928065341,True,0,Optimization terminated successfully
23,0.6128903540384244,True,0,Optimization terminated successfully
23,0.3634589385986739,True,0,Optimization terminated successfully
23,0.8787298622184604,True,0,Optimization terminated successfully
23,0.3367936622493111,True,0,Optimization terminated successfully
23,0.620497148948423,True,0,Optimization terminated successfully
23,0.36857350780734566,True,0,Optimization terminated successfully
23,0.7312613935242848,True,0,Optimization terminated successfully
23,0.22924037379229514,True,0,Optimization terminated successfully
23,0.662295488504496,True,0,Optimization terminated successfully
23,0.45330590709264673,True,0,Optimization terminated successfully
23,0.5476807122450978,True,0,Optimization terminated successfully
23,0.6995379615369709,True,0,Optimization terminated successfully
23,0.5180221719609587,True,0,Optimization terminated successfully
23,0.9319539958053034,True,0,Optimization terminated successfully
23,0.3768280011947197,True,0,Optimization terminated successfully
23,0.81888341198728,True,0,Optimization terminated successfully
23,0.34589586915015,True,0,Optimization terminated successfully
23,0.8749787432923715,True,0,Optimization terminated successfully
23,0.3036659317215271,True,0,Optimization terminated successfully
23,0.5587801319357489,True,0,Optimization terminated successfully
23,0.337739058292313,True,0,Optimization terminated successfully
23,0.8630322850985386,True,0,Optimization terminated successfully
23,0.4488262258816275,True,0,Optimization terminated successfully
23,0.8091921109387455,True,0,Optimization terminated successfully
23,0.24646026963822346,True,0,Optimization terminated successfully
23,0.8500578137141453,True,0,Optimization terminated successfully
23,0.4358637023978261,True,0,Optimization terminated successfully
23,0.900290032458461,True,0,Optimization terminated successfully
23,0.3323639266882788,True,0,Optimization terminated successfully
23,0.7138037106371454,True,0,Optimization terminated successfully
23,0.3860675026169905,True,0,Optimization terminated successfully
23,0.44493218089165476,True,0,Optimization terminated successfully
23,0.6201349503584982,True,0,Optimization terminated successfully
23,0.6353832140672357,True,0,Optimization terminated successfully
23,0.23418192434245502,True,0,Optimization terminated successfully
23,0.9369464247991803,True,0,Optimization terminated successfully
23,0.574391661279143,True,0,Optimization terminated successfully
23,0.379510164814341,True,0,Optimization terminated successfully
23,0.6971494786218695,True,0,Optimization terminated successfully
23,0.21297271856738104,True,0,Optimization terminated successfully
23,0.6481028522473784,True,0,Optimization terminated successfully
23,0.25807735831227047,True,0,Optimization terminated successfully
23,0.501121753371084,True,0,Optimization terminated successfully
23,0.3399893412911248,True,0,Optimization terminated successfully
23,0.474611466711084,True,0,Optimization terminated successfully
23,0.6998734463149917,True,0,Optimization terminated successfully
23,1.0015266638047673,True,0,Optimization terminated successfully
23,0.8352974378854114,True,0,Optimization terminated successfully
23,0.17808492627724504,True,0,Optimization terminated successfully
23,0.8522658407867967,True,0,Optimization terminated successfully
23,0.28707929421195594,True,0,Optimization terminated successfully
23,0.8165118904936138,True,0,Optimization terminated successfully
23,0.21674488234280603,True,0,Optimization terminated successfully
23,0.2714601523972923,True,0,Optimization terminated successfully
26,0.46181783227249334,True,0,Optimization terminated successfully
26,0.1776074923116926,True,0,Optimization terminated successfully
26,0.349318950281726,True,0,Optimization terminated successfully
26,0.4535772551847325,True,0,Optimization terminated successfully
26,0.29178960873735055,True,0,Optimization terminated successfully
26,0.22097062017392932,True,0,Optimization terminated successfully
26,0.2944536565065259,True,0,Optimization terminated successfully
26,0.3360211043158371,True,0,Optimization terminated successfully
26,0.3542687383257259,True,0,Optimization terminated successfully
26,0.35534881426682285,True,0,Optimization terminated successfully
26,0.2113385484814231,True,0,Optimization terminated successfully
26,0.2494004408733001,True,0,Optimization terminated successfully
26,0.2641701934721406,True,0,Optimization terminated successfully
26,0.2614803799068557,True,0,Optimization terminated successfully
26,0.2455330631282517,True,0,Optimization terminated successfully
26,0.2193535935872363,True,0,Optimization terminated successfully
26,0.18523959851617613,True,0,Optimization terminated successfully
29,0.22800680739464718,True,0,Optimization terminated successfully
29,0.40159148337214984,True,0,Optimization terminated successfully
29,0.5552815262137138,True,0,Optimization terminated successfully
29,0.6832276532399608,True,0,Optimization terminated successfully
29,0.7800817982580759,True,0,Optimization terminated successfully
29,0.8397096759181326,True,0,Optimization terminated successfully
29,0.8495399193597009,True,0,Optimization terminated successfully
29,0.9456657449578338,True,0,Optimization terminated successfully
29,1.0772606293982334,True,0,Optimization terminated successfully
29,1.1838512346592676,True,0,Optimization terminated successfully
29,1.2657347479748207,True,0,Optimization terminated successfully
29,1.3230088402019535,True,0,Optimization terminated successfully
35,0.28889942957486214,True,0,Optimization terminated successfully
35,0.3714059088353785,True,0,Optimization terminated successfully
35,0.24407458172181276,True,0,Optimization terminated successfully
35,0.22658188339574487,True,0,Optimization terminated successfully
35,0.6185473069698421,True,0,Optimization terminated successfully
35,0.1541459433778882,True,0,Optimization terminated successfully
35,0.7669141031245751,True,0,Optimization terminated successfully
35,0.47413829260224677,True,0,Optimization terminated successfully
35,0.2883820951413255,True,0,Optimization terminated successfully
35,0.8908238935897796,True,0,Optimization terminated successfully
35,0.5366116338216509,True,0,Optimization terminated successfully
35,0.9869169037167949,True,0,Optimization terminated successfully
35,0.31522930014277245,True,0,Optimization terminated successfully
35,0.34015662231679644,True,0,Optimization terminated successfully
35,0.9424908375416465,True,0,Optimization terminated successfully
35,1.2181215748121716,True,0,Optimization terminated successfully
35,0.2021192931873931,True,0,Optimization terminated successfully
35,0.5883104854845337,True,0,Optimization terminated successfully
35,1.0778609513583235,True,0,Optimization terminated successfully
36,0.40918628641527627,True,0,Optimization terminated successfully
36,0.7764649936799486,True,0,Optimization terminated successfully
36,1.1066984510769144,True,0,Optimization terminated successfully
36,1.3223852553217184,True,0,Optimization terminated successfully
36,1.4383042220930824,True,0,Optimization terminated successfully
36,1.5056542394172892,True,0,Optimization terminated successfully
36,1.5311265758924237,True,0,Optimization terminated successfully
36,1.5196770831015565,True,0,Optimization terminated successfully
36,1.4742320275826766,True,0,Optimization terminated successfully
36,1.3978307684667115,True,0,Optimization terminated successfully
40,0.5154247962029108,True,0,Optimization terminated successfully
40,0.1897585032808134,True,0,Optimization terminated successfully
40,0.647044483900872,True,0,Optimization terminated successfully
40,0.30594574290436377,True,0,Optimization terminated successfully
40,0.3239139420651943,True,0,Optimization terminated successfully
40,0.46783268089988245,True,0,Optimization terminated successfully
40,0.2668423553234883,True,0,Optimization terminated successfully
40,0.22343782784414512,True,0,Optimization terminated successfully
40,0.2617470765710757,True,0,Optimization terminated successfully
40,0.5760422713904959,True,0,Optimization terminated successfully
40,0.5483326151259672,True,0,Optimization terminated successfully
40,0.2704496146977667,True,0,Optimization terminated successfully
40,0.3230959919598014,True,0,Optimization terminated successfully
40,0.4735686137831179,True,0,Optimization terminated successfully
40,0.2513841331583744,True,0,Optimization terminated successfully
40,0.3124240841236259,True,0,Optimization terminated successfully
40,0.7913887019876299,True,0,Optimization terminated successfully
40,0.43652887846819083,True,0,Optimization terminated successfully
40,0.41744351040121874,True,0,Optimization terminated successfully
40,0.41607040387625865,True,0,Optimization terminated successfully
40,0.3247519254759641,True,0,Optimization terminated successfully
40,0.7330940578981998,True,0,Optimization terminated successfully
40,0.2584856723049432,True,0,Optimization terminated successfully
40,0.4839282493687236,True,0,Optimization terminated successfully
40,0.4366823712615947,True,0,Optimization terminated successfully
40,0.33634801874152115,True,0,Optimization terminated successfully
40,0.6837924745187233,True,0,Optimization terminated successfully
40,0.4468537633625728,True,0,Optimization terminated successfully
40,0.441398047340932,True,0,Optimization terminated successfully
40,0.6378393144512756,True,0,Optimization terminated successfully
40,0.2519832714078946,True,0,Optimization terminated successfully
40,0.3484001181995002,True,0,Optimization terminated successfully
40,0.9083435895327979,True,0,Optimization terminated successfully
40,0.5770307959857609,True,0,Optimization terminated successfully
40,0.415968609074549,True,0,Optimization terminated successfully
40,0.9061316077605137,True,0,Optimization terminated successfully
40,0.5485249941996913,True,0,Optimization terminated successfully
40,0.5339350285633024,True,0,Optimization terminated successfully
40,0.8169278634787712,True,0,Optimization terminated successfully
40,0.9293012690835315,True,0,Optimization terminated successfully
40,0.6367415468372853,True,0,Optimization terminated successfully
40,0.514952297456932,True,0,Optimization terminated successfully
40,0.8357029308587016,True,0,Optimization terminated successfully
40,0.3385313332194803,True,0,Optimization terminated successfully
40,0.7820790358678023,True,0,Optimization terminated successfully
40,0.16342695852257338,True,0,Optimization terminated successfully
40,0.6831023293443241,True,0,Optimization terminated successfully
40,0.9782259014531465,True,0,Optimization terminated successfully
40,0.7229560686573427,True,0,Optimization terminated successfully
40,0.6687454540873747,True,0,Optimization terminated successfully
40,0.9188583299794943,True,0,Optimization terminated successfully
40,0.4730535728688588,True,0,Optimization terminated successfully
40,0.5196746012940008,True,0,Optimization terminated successfully
40,0.6237958069590832,True,0,Optimization terminated successfully
40,0.2920164030032931,True,0,Optimization terminated successfully
40,1.0526406242028756,True,0,Optimization terminated successfully
40,0.7016359186272741,True,0,Optimization terminated successfully
40,0.3456133146755695,True,0,Optimization terminated successfully
40,0.9427824071872962,True,0,Optimization terminated successfully
40,0.3489018727896438,True,0,Optimization terminated successfully
40,1.024755980611634,True,0,Optimization terminated successfully
40,0.6329050207305782,True,0,Optimization terminated successfully
40,0.6964386072054605,True,0,Optimization terminated successfully
40,0.8775164140327811,True,0,Optimization terminated successfully
40,0.4515162196424283,True,0,Optimization terminated successfully
40,0.8358964851310575,True,0,Optimization terminated successfully
40,0.15984876400667072,True,0,Optimization terminated successfully
40,0.7921106554515751,True,0,Optimization terminated successfully
40,0.45073695393632396,True,0,Optimization terminated successfully
40,0.8691033243283476,True,0,Optimization terminated successfully
40,0.3546415266683151,True,0,Optimization terminated successfully
40,0.9080025113735138,True,0,Optimization terminated successfully
40,0.37994965834751115,True,0,Optimization terminated successfully
40,0.7104127150435364,True,0,Optimization terminated successfully
40,0.4337559762261367,True,0,Optimization terminated successfully
40,0.8711235946570289,True,0,Optimization terminated successfully
40,0.3112848490900837,True,0,Optimization terminated successfully
40,0.6948203898957628,True,0,Optimization terminated successfully
40,0.5057396817825541,True,0,Optimization terminated successfully
40,0.9221452706586787,True,0,Optimization terminated successfully
40,0.16338140990382613,True,0,Optimization terminated successfully
40,0.7951874493964086,True,0,Optimization terminated successfully
40,0.30521598605751404,True,0,Optimization terminated successfully
40,0.7662382755171271,True,0,Optimization terminated successfully
40,1.0014628353609873,True,0,Optimization terminated successfully
40,0.7798439378131057,True,0,Optimization terminated successfully
40,0.6777079645573437,True,0,Optimization terminated successfully
40,0.9647162135763905,True,0,Optimization terminated successfully
40,1.0483681409341872,True,0,Optimization terminated successfully
40,0.728324952941825,True,0,Optimization terminated successfully
40,0.4624258595011716,True,0,Optimization terminated successfully
40,0.9878802125055766,True,0,Optimization terminated successfully
40,1.025999415358605,True,0,Optimization terminated successfully
40,1.0111715892525253,True,0,Optimization terminated successfully
40,1.076576451521693,True,0,Optimization terminated successfully
40,0.7654281208217438,True,0,Optimization terminated successfully
40,0.3908911528555227,True,0,Optimization terminated successfully
40,1.0923860228953792,True,0,Optimization terminated successfully
40,0.7025979488517321,True,0,Optimization terminated successfully
40,0.43770793418783127,True,0,Optimization terminated successfully
40,1.0285066991318008,True,0,Optimization terminated successfully
40,0.21259790458023337,True,0,Optimization terminated successfully
40,1.006844181375529,True,0,Optimization terminated successfully
40,0.8573785008050585,True,0,Optimization terminated successfully
40,0.5675388661480628,True,0,Optimization terminated successfully
40,0.9337082874302968,True,0,Optimization terminated successfully
40,1.088741252580996,True,0,Optimization terminated successfully
40,0.9335363468795141,True,0,Optimization terminated successfully
40,0.5718921606323948,True,0,Optimization terminated successfully
40,1.2448233064099714,True,0,Optimization terminated successfully
40,0.888116194902124,True,0,Optimization terminated successfully
40,0.3691218419417524,True,0,Optimization terminated successfully
40,1.173423945330285,True,0,Optimization terminated successfully
40,0.9873187772281238,True,0,Optimization terminated successfully
40,0.43591488771455034,True,0,Optimization terminated successfully
40,0.9214853068188649,True,0,Optimization terminated successfully
40,0.35454050659162095,True,0,Optimization terminated successfully
40,1.313825472005428,True,0,Optimization terminated successfully
40,0.9721976743456867,True,0,Optimization terminated successfully
40,0.3184017990996399,True,0,Optimization terminated successfully
40,1.3297171469734657,True,0,Optimization terminated successfully
40,0.9239573363367536,True,0,Optimization terminated successfully
40,0.5543452941490856,True,0,Optimization terminated successfully
40,1.2630109101519755,True,0,Optimization terminated successfully
40,0.9799050371228996,True,0,Optimization terminated successfully
40,0.2941376040998267,True,0,Optimization terminated successfully
40,1.2789437072979055,True,0,Optimization terminated successfully
40,0.9611668038884326,True,0,Optimization terminated successfully
40,0.25111316847279125,True,0,Optimization terminated successfully
40,1.3505835131133046,True,0,Optimization terminated successfully
40,0.9496420846435287,True,0,Optimization terminated successfully
40,0.6136870615400808,True,0,Optimization terminated successfully
40,1.266528690100067,True,0,Optimization terminated successfully
40,1.0272341215580199,True,0,Optimization terminated successfully
40,0.6203425210887655,True,0,Optimization terminated successfully
40,0.5188854177829841,True,0,Optimization terminated successfully
40,1.1569601840353538,True,0,Optimization terminated successfully
40,0.9165823581884355,True,0,Optimization terminated successfully
40,0.4624521609488214,True,0,Optimization terminated successfully
40,1.127837376484985,True,0,Optimization terminated successfully
40,1.0048002890329966,True,0,Optimization terminated successfully
40,0.2820940312196487,True,0,Optimization terminated successfully
40,1.2077466037905091,True,0,Optimization terminated successfully
40,0.9297178928027514,True,0,Optimization terminated successfully
40,0.18581665325617405,True,0,Optimization terminated successfully
40,1.273995869200964,True,0,Optimization terminated successfully
40,1.0030159471801814,True,0,Optimization terminated successfully
40,0.7171513514470814,True,0,Optimization terminated successfully
40,0.43564359969787597,True,0,Optimization terminated successfully
40,1.3042445951819375,True,0,Optimization terminated successfully
40,0.9520495491805987,True,0,Optimization terminated successfully
40,0.46778695686880584,True,0,Optimization terminated successfully
40,1.1131336181294762,True,0,Optimization terminated successfully
40,0.38222906017369784,True,0,Optimization terminated successfully
40,1.0456099373573393,True,0,Optimization terminated successfully
40,0.9352348022125664,True,0,Optimization terminated successfully
40,0.15490907500030257,True,0,Optimization terminated successfully
40,1.3314682179668897,True,0,Optimization terminated successfully
40,0.9495374364148824,True,0,Optimization terminated successfully
40,0.5329272738230347,True,0,Optimization terminated successfully
40,1.25079142619256,True,0,Optimization terminated successfully
40,1.0155924392527553,True,0,Optimization terminated successfully
40,0.4105888410779061,True,0,Optimization terminated successfully
40,1.087747578914843,True,0,Optimization terminated successfully
40,1.0425883805424891,True,0,Optimization terminated successfully
40,0.5217830650785232,True,0,Optimization terminated successfully
40,1.2880408699810926,True,0,Optimization terminated successfully
40,0.9809356326611889,True,0,Optimization terminated successfully
40,0.6444587269275346,True,0,Optimization terminated successfully
40,1.122726397736209,True,0,Optimization terminated successfully
40,1.2346636629095677,True,0,Optimization terminated successfully
40,1.1073631060259934,True,0,Optimization terminated successfully
40,1.0006771962325487,True,0,Optimization terminated successfully
45,0.15590084939665072,True,0,Optimization terminated successfully
45,0.17726808095196586,True,0,Optimization terminated successfully
45,0.19703891276064434,True,0,Optimization terminated successfully
45,0.21535684521393172,True,0,Optimization terminated successfully
45,0.23057975108624032,True,0,Optimization terminated successfully
45,0.24230541937930952,True,0,Optimization terminated successfully
45,0.24946931267224348,True,0,Optimization terminated successfully
45,0.2528801255849716,True,0,Optimization terminated successfully
45,0.25129172706355085,True,0,Optimization terminated successfully
45,0.24478723733015595,True,0,Optimization terminated successfully
45,0.23319903005896958,True,0,Optimization terminated successfully
45,0.21375837203081136,True,0,Optimization terminated successfully
45,0.1850335399606175,True,0,Optimization terminated successfully
